Batch Size,CE – Loss,NCE – Loss,CE – Accuracy,NCE – Accuracy
128,4.82701414632797,1.21134594479501,31.2,30.7
64,4.1289393014431,1.77188514579535,30.6,30.2
256,5.5157098772049,1.33737357081175,30.6,31.6
512,6.18441855659485,1.48248297751546,31.6,31.9
,,,,
,,,,
,,,,
,,,,
,,,,
,,,,
,,,,
,,,,
,,,,
,,,,
Num steps,CE – Loss,NCE – Loss,CE – Accuracy,NCE – Accuracy
400001,4.82425629224777,1.45705971979201,31.9,31.8
100001,4.678456265,1.38760195864439,30.6,31.6
